date,open,high,low,close,volume
2019-01-02,121.35,121.75,120.88,121.33,12776200
2019-01-03,121.78,122.46,121.73,122.43,15440800
2019-01-04,121.32,121.60,120.69,121.44,13334000
2019-01-07,122.16,122.22,121.57,121.86,7473600
2019-01-08,121.15,121.71,121.06,121.53,7643100
2019-01-09,121.45,122.34,121.44,122.31,10555900
2019-01-10,121.98,122.18,121.57,121.59,6672000
2019-01-11,121.74,122.05,121.66,121.80,8622400
2019-01-14,122.15,122.24,121.87,122.09,6477100
2019-01-15,122.28,122.38,121.62,121.88,7512500
2019-01-16,122.04,122.44,122.02,122.27,6878100
2019-01-17,122.03,122.26,121.81,122.11,8558500
2019-01-18,121.23,121.52,121.02,121.02,10896000
2019-01-22,121.18,121.50,120.90,121.45,7896500
2019-01-23,120.96,121.54,120.86,121.28,5224900
2019-01-24,121.16,121.36,120.92,121.09,5662500
2019-01-25,122.02,122.91,122.02,122.86,11103300
2019-01-28,122.75,123.29,122.72,123.29,8522200
2019-01-29,123.71,124.00,123.46,123.98,11610200
2019-01-30,123.91,125.07,123.70,124.69,12104000
2019-01-31,125.18,125.23,124.62,124.75,10209500
2019-02-01,124.89,125.05,124.37,124.50,12485500
2019-02-04,123.99,124.29,123.82,123.96,6878900
2019-02-05,124.29,124.42,124.05,124.28,6291100
2019-02-06,124.16,124.19,123.40,123.44,6595100
2019-02-07,123.80,123.95,123.44,123.74,5935500
2019-02-08,124.05,124.33,123.98,124.21,4235200
2019-02-11,123.19,123.82,123.19,123.60,4821800
2019-02-12,123.96,124.03,123.61,123.86,4271900
2019-02-13,123.84,124.55,123.31,123.37,7640500
2019-02-14,123.84,124.20,123.53,124.06,6276500
2019-02-15,124.59,125.00,124.18,124.80,12190100
2019-02-19,125.98,126.79,125.93,126.70,15614000
2019-02-20,127.00,127.21,126.31,126.48,8889700
2019-02-21,126.15,126.22,125.05,125.05,8634600
2019-02-22,125.53,125.95,125.39,125.50,5439400
2019-02-25,125.78,125.90,125.23,125.37,4882600
2019-02-26,125.33,125.62,125.05,125.58,5153200
2019-02-27,125.17,125.23,124.40,124.69,7935600
2019-02-28,124.71,124.71,123.98,123.99,7811700
2019-03-01,123.48,123.96,121.87,121.88,16411700
2019-03-04,121.56,121.85,121.18,121.56,10272600
2019-03-05,121.38,121.73,121.03,121.72,7120100
2019-03-06,121.43,121.64,121.26,121.61,4820400
2019-03-07,121.27,121.71,121.18,121.51,6088800
2019-03-08,122.70,122.89,122.37,122.84,10427700
2019-03-11,122.52,122.54,121.92,122.24,6708700
2019-03-12,122.54,123.03,122.40,122.98,6289900
2019-03-13,123.56,123.88,123.43,123.84,7377300
2019-03-14,122.33,122.55,122.12,122.41,6778200
2019-03-15,123.06,123.40,122.91,122.97,9412000
2019-03-18,123.30,123.40,122.89,123.04,7783200
2019-03-19,123.72,123.79,123.34,123.38,6558700
2019-03-20,123.66,124.42,122.65,124.18,11304900
2019-03-21,124.36,124.37,123.11,123.68,7739800
2019-03-22,123.93,124.22,123.73,123.97,5874000
2019-03-25,124.56,125.11,124.48,124.92,7288300
2019-03-26,124.48,124.51,124.07,124.30,5056100
2019-03-27,124.35,124.38,123.56,123.65,6595000
2019-03-28,122.28,122.36,121.71,121.90,11878300
2019-03-29,122.64,122.75,122.01,122.01,7093900
2019-04-01,122.40,122.43,121.46,121.53,13560000
2019-04-02,121.72,122.01,121.68,121.98,4475000
2019-04-03,121.73,122.01,121.68,121.80,6152200
2019-04-04,121.10,122.24,120.96,122.11,7508400
2019-04-05,121.88,122.13,121.66,121.98,5114500
2019-04-08,122.97,123.02,122.40,122.51,4270800
2019-04-09,123.26,123.35,123.03,123.15,4648400
2019-04-10,123.22,123.77,123.19,123.53,6344800
2019-04-11,122.54,122.75,121.79,121.95,11694500
2019-04-12,121.96,122.31,121.80,121.83,5272800
2019-04-15,121.20,121.82,121.10,121.60,4252400
2019-04-16,120.38,120.63,120.19,120.51,10097800
2019-04-17,120.46,120.51,120.20,120.28,4693900
2019-04-18,120.24,120.54,120.15,120.37,4090400
2019-04-22,120.46,120.50,120.27,120.37,2250900
2019-04-23,119.67,120.20,119.55,120.12,5574800
2019-04-24,120.06,120.72,120.04,120.47,4173000
2019-04-25,120.72,121.10,120.50,120.57,4836900
2019-04-26,121.26,121.67,121.22,121.37,6022700
2019-04-29,120.88,120.91,120.67,120.83,4469300
2019-04-30,120.89,121.36,120.85,121.20,4758600
2019-05-01,121.03,121.55,120.18,120.40,12331800
2019-05-02,119.69,120.11,119.54,119.94,6759600
2019-05-03,120.56,121.08,120.48,120.65,8414400
2019-05-06,120.61,121.12,120.54,120.81,3479600
2019-05-07,121.02,121.42,120.91,121.21,4010700
2019-05-08,121.54,121.54,120.77,120.91,4178800
2019-05-09,120.96,121.62,120.86,121.20,5015500
2019-05-10,121.41,121.73,121.30,121.43,4586000
2019-05-13,122.63,122.85,122.33,122.67,11130900
2019-05-14,122.60,122.66,122.12,122.46,5556000
2019-05-15,122.71,122.77,122.22,122.39,10299000
2019-05-16,122.03,122.07,121.19,121.51,6349400
2019-05-17,121.03,121.06,120.33,120.65,6589300
2019-05-20,120.51,120.74,120.42,120.64,4345800
2019-05-21,120.08,120.36,119.83,120.36,3845600
2019-05-22,120.35,120.50,120.19,120.24,3741800
2019-05-23,120.82,121.52,120.77,121.17,6054600
2019-05-24,121.13,121.31,120.89,121.30,2324700
2019-05-28,120.80,120.84,120.46,120.83,4303500
2019-05-29,121.11,121.26,120.75,120.87,4133200
2019-05-30,120.96,121.69,120.80,121.69,7757000
2019-05-31,122.55,123.40,122.32,123.33,15367000
2019-06-03,124.09,125.34,123.90,125.11,14173600
2019-06-04,124.88,125.42,124.61,125.15,7997100
2019-06-05,126.18,126.37,125.24,125.47,7637900
2019-06-06,125.93,126.45,125.80,125.88,5551800
2019-06-07,126.79,127.25,126.32,126.59,8145900
2019-06-10,125.46,125.53,125.07,125.33,5410000
2019-06-11,124.94,125.40,124.88,125.18,4757800
2019-06-12,125.60,126.20,125.56,125.83,5756200
2019-06-13,126.03,126.77,125.96,126.60,5374800
2019-06-14,127.21,127.63,126.26,126.56,9226100
2019-06-17,126.70,126.77,126.17,126.48,4763300
2019-06-18,127.58,127.75,126.39,127.12,10309600
2019-06-19,126.77,127.99,126.70,127.89,11660600
2019-06-20,130.41,131.49,130.19,131.11,18636300
2019-06-21,131.77,132.17,131.07,131.98,15068000
2019-06-24,132.77,134.04,132.58,133.94,17851800
2019-06-25,134.90,135.55,133.21,134.20,24772200
2019-06-26,132.99,133.55,132.41,132.97,12016400
2019-06-27,132.38,132.97,132.26,132.84,8412800
2019-06-28,133.05,133.34,132.61,133.20,8077000
2019-07-01,131.56,131.76,130.55,130.62,13317700
2019-07-02,131.27,133.63,131.16,133.41,13282100
2019-07-03,133.61,134.10,133.23,133.63,6351500
2019-07-05,131.46,132.32,130.81,132.14,11536600
2019-07-08,132.18,132.34,131.28,131.29,8028900
2019-07-09,131.43,132.10,131.16,131.75,6633400
2019-07-10,132.94,133.87,132.35,133.83,13920600
2019-07-11,133.58,133.70,132.41,132.70,7535100
2019-07-12,132.89,133.69,132.53,133.53,6309500
2019-07-15,133.18,133.53,132.81,133.53,4026600
2019-07-16,133.18,133.30,132.13,132.40,7966000
2019-07-17,133.00,134.60,132.89,134.58,11288300
2019-07-18,133.83,136.63,133.61,136.48,18448200
2019-07-19,135.45,136.03,133.97,134.47,18079200
2019-07-22,134.56,134.82,134.32,134.45,7570400
2019-07-23,134.43,134.95,133.56,133.69,9981400
2019-07-24,134.59,134.84,133.98,134.37,6715200
2019-07-25,134.24,134.28,133.09,133.42,11708200
2019-07-26,134.24,134.29,133.59,133.64,6249900
2019-07-29,134.06,134.73,133.44,134.53,9162400
2019-07-30,134.76,135.18,134.41,134.98,9458700
2019-07-31,135.03,135.42,133.02,133.21,18797200
2019-08-01,132.42,136.43,132.31,136.41,27719800
2019-08-02,135.39,136.60,135.37,135.89,13753200
2019-08-05,137.93,138.64,137.05,137.79,17519800
2019-08-06,138.33,139.03,138.01,138.91,9471200
2019-08-07,141.28,142.47,140.88,141.02,26671100
2019-08-08,140.90,142.37,140.71,141.73,13108600
2019-08-09,141.28,142.03,140.96,141.26,9485900
2019-08-12,141.67,143.38,141.64,142.63,15264000
2019-08-13,143.17,143.29,139.35,141.78,29842800
2019-08-14,142.90,143.75,142.05,142.75,20672900
2019-08-15,142.96,144.02,142.61,143.70,13467800
2019-08-16,142.75,143.13,141.80,142.78,11728800
2019-08-19,141.33,141.79,140.85,141.11,10552700
2019-08-20,141.77,142.26,141.60,142.21,7478500
2019-08-21,141.62,142.17,141.46,141.76,8114700
2019-08-22,141.39,141.90,141.17,141.40,6846500
2019-08-23,141.84,144.33,141.64,144.17,20282200
2019-08-26,144.35,144.97,143.91,144.19,12195800
2019-08-27,144.30,145.68,144.27,145.57,12844100
2019-08-28,145.39,145.68,144.64,145.16,11452400
2019-08-29,145.40,145.49,143.28,144.12,14762500
2019-08-30,143.84,144.88,143.02,143.75,9642200
2019-09-03,144.96,146.13,144.74,145.75,15615200
2019-09-04,145.54,146.82,145.50,146.66,11285900
2019-09-05,144.98,145.01,142.00,143.14,20293200
2019-09-06,143.64,144.06,141.86,141.92,14175200
2019-09-09,142.37,142.46,141.18,141.39,11323800
2019-09-10,141.23,141.53,140.16,140.18,12629200
2019-09-11,140.34,141.26,140.28,141.03,7453000
2019-09-12,142.68,143.10,141.11,141.32,12673700
2019-09-13,141.73,141.99,140.06,140.15,13451700
2019-09-16,141.60,142.05,141.02,141.32,8094600
2019-09-17,141.82,142.11,141.22,141.60,7010200
2019-09-18,141.93,142.53,139.81,140.71,15026300
2019-09-19,141.57,141.74,141.09,141.28,8057400
2019-09-20,141.61,143.03,141.46,142.95,12110000
2019-09-23,143.22,143.94,143.07,143.75,9006500
2019-09-24,143.21,144.77,142.88,144.51,10576300
2019-09-25,144.08,144.29,141.44,141.83,11648400
2019-09-26,142.19,142.57,141.56,141.79,7984600
2019-09-27,140.35,141.68,140.16,141.06,9804200
2019-09-30,139.77,140.21,138.03,138.87,15459100
2019-10-01,138.07,140.19,137.80,139.63,12476200
2019-10-02,140.79,141.88,140.46,141.26,11914300
2019-10-03,141.36,143.25,141.29,141.90,12396100
2019-10-04,141.48,142.31,141.14,141.90,9651000
2019-10-07,141.16,141.77,140.24,140.69,6127200
2019-10-08,142.03,142.29,141.17,141.92,10428900
2019-10-09,142.16,142.58,141.62,142.05,6927700
2019-10-10,141.59,141.66,140.58,140.81,9301700
2019-10-11,139.97,140.19,138.91,140.03,11333400
2019-10-14,140.45,140.82,140.34,140.59,4006700
2019-10-15,140.27,140.30,139.21,139.61,9128300
2019-10-16,140.14,140.53,139.70,140.41,10330300
2019-10-17,140.50,141.12,140.42,140.61,6131000
2019-10-18,140.50,140.71,140.32,140.46,6416100
2019-10-21,140.72,140.76,139.60,139.79,8306200
2019-10-22,140.13,140.30,139.72,140.20,3879700
2019-10-23,140.59,141.00,140.50,140.53,4155300
2019-10-24,141.02,141.74,140.93,141.53,6174800
2019-10-25,142.79,142.83,141.40,141.86,6011500
2019-10-28,141.25,141.25,140.40,140.64,5442000
2019-10-29,140.00,140.63,139.78,140.25,3835400
2019-10-30,140.54,141.04,139.55,141.02,6992900
2019-10-31,141.98,142.69,141.89,142.43,7050900
2019-11-01,142.21,142.90,142.01,142.56,8090000
2019-11-04,142.26,142.45,141.74,142.15,4740300
2019-11-05,140.65,140.89,139.38,139.85,11782300
2019-11-06,140.12,140.79,140.00,140.45,6416500
2019-11-07,140.11,140.20,137.60,138.27,15214200
2019-11-08,137.73,138.33,137.39,137.39,10377400
2019-11-11,137.61,137.79,136.44,137.06,7037300
2019-11-12,137.03,137.59,136.19,137.43,6448600
2019-11-13,137.80,138.22,137.64,137.98,8776000
2019-11-14,138.39,138.94,137.87,138.56,5220500
2019-11-15,138.03,138.42,137.97,138.21,10106700
2019-11-18,138.44,138.85,138.30,138.62,5717900
2019-11-19,138.13,138.97,138.13,138.69,4824400
2019-11-20,138.53,139.00,138.10,138.76,6892100
2019-11-21,138.39,138.56,137.77,138.00,4197200
2019-11-22,138.37,138.46,137.66,137.74,3620300
2019-11-25,137.32,137.62,136.99,137.08,6415800
2019-11-26,136.98,137.80,136.58,137.74,4724400
2019-11-27,137.03,137.21,136.83,137.01,4111000
2019-11-29,137.10,138.13,137.08,137.86,4516400
2019-12-02,137.32,138.09,137.30,137.79,8274700
2019-12-03,139.04,139.57,138.97,139.11,8481700
2019-12-04,139.16,139.17,138.59,138.92,6322300
2019-12-05,138.80,139.45,138.79,139.00,5671500
2019-12-06,137.76,137.83,137.40,137.62,8714500
2019-12-09,137.80,137.81,137.45,137.58,2711600
2019-12-10,138.25,138.33,137.74,137.97,3240800
2019-12-11,138.20,139.30,138.12,138.92,6097500
2019-12-12,139.78,139.85,137.88,138.43,8815100
2019-12-13,138.52,139.21,137.98,139.05,6964300
2019-12-16,139.20,139.39,138.80,139.04,4646100
2019-12-17,139.02,139.30,138.85,139.01,4287500
2019-12-18,138.86,139.25,138.81,139.02,3607600
2019-12-19,139.04,139.55,138.87,139.38,4975000
2019-12-20,139.37,139.52,138.98,139.52,4463900
2019-12-23,139.53,139.96,139.53,139.95,5180900
2019-12-24,140.44,141.33,140.43,141.27,5303700
2019-12-26,142.06,142.47,141.91,142.38,8342500
2019-12-27,142.26,142.73,142.17,142.33,5119900
2019-12-30,142.56,142.80,142.46,142.63,4810600
2019-12-31,143.31,143.60,142.80,142.90,5313500
2020-01-02,143.86,144.21,143.40,143.95,7733800
2020-01-03,145.75,146.32,145.40,145.86,12272800
2020-01-06,148.44,148.48,146.95,147.39,14403300
2020-01-07,147.57,148.14,147.43,147.97,7978500
2020-01-08,148.49,148.61,146.14,146.86,22248500
2020-01-09,146.07,146.41,145.44,146.03,10292300
2020-01-10,146.22,146.99,146.17,146.91,6183300
2020-01-13,146.35,146.38,145.78,145.82,7593800
2020-01-14,145.42,145.81,145.08,145.69,6589700
2020-01-15,146.21,146.73,145.82,146.54,6510000
2020-01-16,146.27,146.47,145.76,146.31,6069100
2020-01-17,146.51,146.99,146.31,146.58,11121100
2020-01-21,145.77,146.86,145.55,146.74,6086100
2020-01-22,146.68,146.81,146.38,146.79,4778200
2020-01-23,147.00,147.62,146.62,147.12,8419800
2020-01-24,146.90,148.38,146.89,147.98,9919900
2020-01-27,149.24,149.32,148.46,148.99,9988100
2020-01-28,148.36,148.56,147.53,147.66,7543100
2020-01-29,147.70,148.56,147.61,148.46,5013100
2020-01-30,148.69,149.31,148.01,148.47,9119500
2020-01-31,148.88,149.68,148.81,149.33,14788300
2020-02-03,148.66,148.78,147.68,148.36,9105300
2020-02-04,146.97,147.03,145.80,146.43,10525600
2020-02-05,146.38,146.81,146.16,146.61,6160700
2020-02-06,147.28,147.63,147.00,147.40,4819800
2020-02-07,147.83,148.18,147.34,147.79,6379300
2020-02-10,148.21,148.45,147.91,148.17,5793600
2020-02-11,148.03,148.16,147.01,147.66,5179400
2020-02-12,147.42,147.81,147.16,147.54,5040600
2020-02-13,148.24,148.58,147.95,148.38,7082100
2020-02-14,148.74,149.13,148.63,149.00,5345400
2020-02-18,149.88,151.09,149.47,150.91,11524900
2020-02-19,151.00,151.82,150.82,151.79,9269800
2020-02-20,152.00,152.83,151.95,152.41,8457300
2020-02-21,154.43,155.22,154.18,154.70,16344500
2020-02-24,158.50,158.53,155.36,156.09,27171000
2020-02-25,155.12,156.08,152.91,153.30,28091500
2020-02-26,153.82,155.28,152.90,153.97,17912500
2020-02-27,155.58,156.27,153.90,154.00,27878500
2020-02-28,152.71,152.77,147.05,148.38,42699600
2020-03-02,150.00,150.73,149.04,149.20,16295400
2020-03-03,150.84,155.24,150.74,153.89,28687700
2020-03-04,154.40,154.96,153.70,154.16,12315500
2020-03-05,156.06,157.62,155.72,157.49,17973500
2020-03-06,158.33,159.25,154.54,157.55,26973400
2020-03-09,158.60,159.37,156.33,157.81,24868700
2020-03-10,156.18,156.41,154.39,154.48,18811500
2020-03-11,156.25,156.50,153.61,153.93,18159900
2020-03-12,151.53,151.55,146.85,147.79,32893400
2020-03-13,149.42,149.60,141.58,143.28,35177200
2020-03-16,137.56,142.96,136.12,141.64,24496000
2020-03-17,140.18,146.20,139.93,143.56,24490300
2020-03-18,141.75,142.88,138.50,140.70,21953400
2020-03-19,139.08,140.50,137.85,138.04,20828900
2020-03-20,140.71,141.17,139.14,140.11,20056000
2020-03-23,142.68,146.93,142.28,146.30,28275200
2020-03-24,153.50,155.66,152.05,153.40,20743500
2020-03-25,152.58,152.88,151.01,151.30,16457200
2020-03-26,153.31,154.81,152.08,153.24,12778200
2020-03-27,153.00,153.55,152.00,152.25,9824600
2020-03-30,152.41,153.08,151.57,152.92,12080900
2020-03-31,151.36,151.80,147.97,148.05,13319500
2020-04-01,148.20,150.08,147.85,149.45,11827400
2020-04-02,151.20,152.50,150.70,151.90,9188300
2020-04-03,152.23,153.09,151.66,152.65,8469100
2020-04-06,154.16,157.22,153.96,156.88,14739300
2020-04-07,155.33,156.14,154.38,156.04,9195400
2020-04-08,155.91,155.94,154.59,154.65,7600800
2020-04-09,158.08,159.08,157.21,158.69,18123000
2020-04-13,159.17,162.38,158.63,161.41,20549200
2020-04-14,162.73,164.42,161.78,162.68,17095100
2020-04-15,161.80,162.54,160.81,161.85,12141900
2020-04-16,161.88,163.15,160.65,161.71,9233200
2020-04-17,159.72,160.07,158.12,158.57,14652700
2020-04-20,158.62,160.22,158.46,159.70,10688700
2020-04-21,157.60,159.21,157.04,158.61,12478100
2020-04-22,160.50,161.74,160.42,161.73,12902100
2020-04-23,162.39,163.60,161.84,163.34,14928500
2020-04-24,163.13,163.31,160.89,162.64,11199300
2020-04-27,161.88,162.00,160.41,161.56,9033500
2020-04-28,160.89,160.98,159.16,160.84,10383000
2020-04-29,160.10,161.85,159.76,161.73,12232300
2020-04-30,160.22,160.82,158.13,158.80,13633500
2020-05-01,158.00,160.45,157.80,159.78,10914300
2020-05-04,160.33,160.95,159.91,160.34,7986200
2020-05-05,160.16,161.10,159.33,161.02,10563100
2020-05-06,158.99,159.81,158.10,158.95,13352000
2020-05-07,159.50,161.96,159.36,161.39,13691700
2020-05-08,161.08,162.00,160.00,160.42,12240900
2020-05-11,160.34,160.71,158.89,159.42,11209800
2020-05-12,160.30,160.95,159.72,160.04,10406000
2020-05-13,160.94,161.62,160.54,161.58,10950400
2020-05-14,161.53,163.34,161.51,163.01,17084400
2020-05-15,164.02,164.80,163.08,163.93,13918800
2020-05-18,164.33,164.50,162.41,162.69,14133800
2020-05-19,163.60,164.43,163.04,164.26,8535800
2020-05-20,164.54,164.96,163.89,164.65,10666100
2020-05-21,163.46,163.58,161.37,162.25,11791000
2020-05-22,162.88,163.47,162.74,163.21,8540900
2020-05-26,162.58,162.58,160.69,160.89,13972000
2020-05-27,159.42,161.34,159.20,161.18,13063500
2020-05-28,162.12,162.46,160.90,161.72,9758500
2020-05-29,162.58,163.40,162.32,162.91,12581800
2020-06-01,162.92,163.74,162.39,163.66,8140200
2020-06-02,163.89,164.08,161.86,162.60,10388900
2020-06-03,160.34,160.90,158.82,159.60,17000500
2020-06-04,161.14,161.87,159.84,161.28,10094000
2020-06-05,158.72,158.72,157.04,158.01,16021200
2020-06-08,158.90,159.86,158.47,159.72,9244400
2020-06-09,161.10,161.78,160.87,161.26,9045600
2020-06-10,162.10,163.63,160.52,163.57,13009300
2020-06-11,163.35,164.06,161.97,162.39,11673900
2020-06-12,163.41,163.88,162.56,162.62,6895400
2020-06-15,160.52,162.56,160.16,162.33,8532500
2020-06-16,161.85,162.69,161.36,162.25,7964000
2020-06-17,162.00,162.62,161.77,162.56,4758200
2020-06-18,162.20,162.32,161.44,162.24,5397600
2020-06-19,162.87,164.09,162.78,164.03,12187400
2020-06-22,165.06,165.73,164.41,165.09,12385600
2020-06-23,165.63,166.52,165.52,166.48,12137300
2020-06-24,166.01,166.99,165.45,165.90,10901400
2020-06-25,165.89,165.91,165.16,165.80,7093800
2020-06-26,164.87,166.56,164.22,166.54,9753500
2020-06-29,166.56,166.80,166.18,166.63,6735700
2020-06-30,166.31,167.99,166.19,167.37,12762300
2020-07-01,167.05,167.06,165.34,166.62,13214800
2020-07-02,166.20,167.24,166.02,166.98,8753500
2020-07-06,167.75,168.00,167.19,167.98,7265700
2020-07-07,167.41,169.04,167.38,169.04,11633100
2020-07-08,170.32,170.86,169.78,170.09,11662700
2020-07-09,170.48,170.64,168.78,169.63,13327400
2020-07-10,169.95,170.15,168.57,169.19,8218000
2020-07-13,170.29,170.42,169.16,169.40,11095900
2020-07-14,168.97,170.20,168.81,170.19,9812700
2020-07-15,169.62,170.43,169.39,170.34,7533800
2020-07-16,169.80,170.00,168.65,168.73,10242400
2020-07-17,169.94,170.27,169.61,170.12,10296000
2020-07-20,170.76,171.07,170.27,170.94,10095500
2020-07-21,172.53,173.25,172.31,173.00,12826100
2020-07-22,174.05,175.77,173.76,175.63,18712500
2020-07-23,176.17,178.41,175.65,177.18,23006800
2020-07-24,179.14,179.16,178.20,178.70,15601300
2020-07-27,181.85,182.83,181.53,182.23,21115600
2020-07-28,182.02,184.26,181.42,183.75,21164600
2020-07-29,184.01,186.14,182.39,185.13,25640100
2020-07-30,183.44,184.33,182.13,183.76,18061200
2020-07-31,184.51,185.75,184.17,185.43,15876700
2020-08-03,185.05,185.82,184.20,185.64,12897000
2020-08-04,185.61,189.60,185.21,189.59,20773200
2020-08-05,191.65,193.13,190.62,191.35,27078100
2020-08-06,193.74,194.45,192.52,193.89,20640100
2020-08-07,192.71,192.96,189.33,190.81,24570200
2020-08-10,191.20,192.61,189.66,190.15,19047200
2020-08-11,183.57,183.98,179.43,179.94,45355000
2020-08-12,182.61,183.10,179.04,179.10,28660500
2020-08-13,181.56,184.70,181.36,183.33,18596800
2020-08-14,183.44,183.72,181.49,182.54,11792000
2020-08-17,184.69,187.01,184.66,186.50,15709800
2020-08-18,189.18,189.40,185.63,188.18,16291600
2020-08-19,187.21,187.46,181.71,182.24,24646900
2020-08-20,181.19,183.71,180.93,183.50,16692200
2020-08-21,182.14,182.81,180.47,182.03,12713700
2020-08-24,182.91,182.93,180.69,181.00,11605800
2020-08-25,181.06,181.25,179.73,181.22,10056100
2020-08-26,180.26,183.58,180.20,183.36,12715800
2020-08-27,185.00,185.17,179.37,181.24,16299200
2020-08-28,183.98,185.40,183.40,184.39,13200800
2020-08-31,184.79,185.53,184.28,184.83,10251200
2020-09-01,186.99,186.99,184.33,185.05,10662100
2020-09-02,183.75,183.86,181.50,182.62,11536900
2020-09-03,182.30,182.82,180.49,181.14,12148100
2020-09-04,180.95,182.10,180.05,181.64,11567900
2020-09-08,179.50,182.27,179.02,181.29,13229200
2020-09-09,182.50,183.22,182.19,183.05,8424100
2020-09-10,184.23,184.68,182.28,182.46,9143600
2020-09-11,183.14,183.55,182.01,182.45,7662300
2020-09-14,183.57,184.30,183.39,183.89,9709500
2020-09-15,184.46,184.67,182.92,183.45,7993700
2020-09-16,184.98,185.01,183.33,183.97,12702400
2020-09-17,181.92,183.09,181.48,182.96,8836200
2020-09-18,183.07,184.09,182.64,183.20,9959700
2020-09-21,179.84,180.29,176.75,179.52,17436100
2020-09-22,179.63,180.02,178.11,178.65,7977900
2020-09-23,176.98,177.26,174.10,174.79,18134000
2020-09-24,174.36,176.24,173.77,175.44,11759200
2020-09-25,174.41,175.30,173.89,174.94,6779200
2020-09-28,175.83,176.81,175.09,176.70,7109700
2020-09-29,177.19,178.33,176.95,178.19,8718500
2020-09-30,177.71,178.61,176.66,177.12,8371800
2020-10-01,178.71,179.50,178.04,178.70,10402800
2020-10-02,178.69,179.29,178.16,178.54,7488500
2020-10-05,179.02,180.14,178.90,179.41,6969600
2020-10-06,180.16,180.37,177.05,177.30,8632800
2020-10-07,177.09,177.42,176.43,177.22,6410900
2020-10-08,178.18,178.45,176.67,177.85,6530800
2020-10-09,180.13,181.17,179.93,181.08,15979800
2020-10-12,180.57,180.83,180.19,180.56,4843000
2020-10-13,178.56,178.60,177.10,177.72,8384300
2020-10-14,179.09,179.59,178.27,178.27,9076600
2020-10-15,177.71,179.15,177.59,178.92,6815400
2020-10-16,179.22,179.32,178.13,178.30,7260700
2020-10-19,179.41,179.48,178.37,178.39,6084400
2020-10-20,178.54,179.67,178.08,179.25,7121400
2020-10-21,180.47,181.31,180.23,180.60,7548100
2020-10-22,178.88,179.03,177.72,178.83,8377000
2020-10-23,179.09,179.20,177.76,178.64,5919300
2020-10-26,178.75,179.14,178.22,178.55,5105100
2020-10-27,178.71,179.43,178.51,179.02,5826900
2020-10-28,176.45,176.85,175.44,176.13,11734100
2020-10-29,175.02,176.14,174.83,175.40,8474500
2020-10-30,177.18,177.36,175.95,176.20,7303000
2020-11-02,177.45,177.93,177.13,177.91,6498400
2020-11-03,178.95,179.39,178.30,178.92,7577200
2020-11-04,178.93,179.19,177.66,178.82,11117300
2020-11-05,181.00,183.29,180.97,182.93,16102800
2020-11-06,183.40,183.53,182.19,183.19,10378300
2020-11-09,176.42,176.45,173.64,175.08,29800700
2020-11-10,176.75,176.91,175.66,175.66,11728500
2020-11-11,174.70,175.28,174.44,174.90,9008500
2020-11-12,176.04,176.77,175.84,175.96,7167900
2020-11-13,177.65,177.80,176.84,177.16,6469800
2020-11-16,177.23,177.91,176.87,177.15,8358500
2020-11-17,177.25,177.44,176.09,176.50,8229100
2020-11-18,176.26,176.86,175.35,175.49,7384700
2020-11-19,174.30,175.22,174.17,175.16,6965100
2020-11-20,176.12,176.38,175.58,175.69,6379400
2020-11-23,175.10,175.24,171.78,172.23,15510600
2020-11-24,169.30,169.69,168.86,169.59,19504000
2020-11-25,169.98,170.52,169.24,169.51,10286600
2020-11-27,166.90,167.83,166.78,167.79,10569100
2020-11-30,166.68,167.43,166.03,166.67,13210000
2020-12-01,169.76,170.48,169.30,170.18,13533300
2020-12-02,170.57,171.76,170.15,171.46,9199700
2020-12-03,172.64,172.85,171.08,172.81,10457300
2020-12-04,172.78,173.32,171.59,172.32,10098600
2020-12-07,172.56,175.29,172.51,174.89,10555100
2020-12-08,175.51,175.93,174.72,175.50,6348400
2020-12-09,173.92,174.04,171.24,172.50,10743200
2020-12-10,172.90,173.58,171.70,172.17,6564000
2020-12-11,172.25,173.32,172.11,172.49,6084800
2020-12-14,171.91,172.52,170.91,171.54,7644400
2020-12-15,173.43,173.98,173.06,173.94,6840500
2020-12-16,174.13,175.02,173.02,174.90,8174700
2020-12-17,177.15,177.87,176.58,176.74,9475800
2020-12-18,176.65,176.98,176.10,176.44,6789900
2020-12-21,176.29,176.94,175.76,175.88,8168900
2020-12-22,176.20,176.34,174.34,174.49,9442400
2020-12-23,175.10,176.21,175.06,175.65,6542800
2020-12-24,175.55,176.37,175.51,176.35,3695400
2020-12-28,177.26,177.91,175.63,175.71,7778700
2020-12-29,176.25,176.97,175.57,176.35,5983700
2020-12-30,176.44,177.72,176.44,177.70,5914000
2020-12-31,178.07,178.40,177.32,178.36,7540800
2021-01-04,181.97,182.40,180.96,182.33,14331400
2021-01-05,182.87,183.21,181.82,182.87,12718800
2021-01-06,181.49,181.58,178.24,179.90,18453500
2021-01-07,179.69,179.92,178.84,179.48,7110200
2021-01-08,176.83,176.99,171.48,173.34,24399900
2021-01-11,172.14,173.68,172.03,173.00,8571400
2021-01-12,173.13,174.18,172.32,174.12,9798500
2021-01-13,173.68,174.46,173.05,173.37,14110300
2021-01-14,173.44,174.22,172.66,173.28,13522700
2021-01-15,172.84,173.07,170.98,171.13,16172500
2021-01-19,172.71,172.85,171.92,172.58,7485700
2021-01-20,174.37,175.47,173.82,175.39,9456000
2021-01-21,175.11,175.51,174.51,175.28,7246800
2021-01-22,172.89,174.29,172.35,173.90,7269600
2021-01-25,174.82,174.96,173.19,174.05,5936800
2021-01-26,173.98,174.26,173.42,173.62,4685600
2021-01-27,172.93,173.52,171.66,172.52,9036500
2021-01-28,174.28,174.73,172.04,172.68,9392400
2021-01-29,174.87,175.16,172.61,172.61,11252800
2021-02-01,175.02,175.26,174.06,174.23,9105500
2021-02-02,172.49,172.53,171.51,172.11,7221700
2021-02-03,172.36,172.59,171.50,171.85,4658100
2021-02-04,168.29,168.40,167.34,168.15,13736600
2021-02-05,168.99,170.18,168.67,169.81,6538500
2021-02-08,171.98,172.40,171.49,171.52,6887500
2021-02-09,172.57,173.03,171.75,172.08,5131800
2021-02-10,173.15,173.22,172.01,172.71,6112800
2021-02-11,172.70,172.87,170.71,171.21,5994500
2021-02-12,170.29,171.65,169.88,170.69,6018900
2021-02-16,168.14,170.07,167.73,168.24,14761100
2021-02-17,166.92,167.34,165.85,166.33,11400700
2021-02-18,166.98,167.30,165.73,166.32,7498200
2021-02-19,166.76,167.94,166.60,167.01,8273500
2021-02-22,168.54,169.89,168.30,169.51,10072000
2021-02-23,169.48,169.74,168.28,169.12,8616800
2021-02-24,167.65,169.14,167.15,169.00,8890600
2021-02-25,166.92,167.66,165.45,165.82,16359400
2021-02-26,165.00,165.10,160.95,161.81,23730400
2021-03-01,163.03,163.35,161.16,161.53,13828300
2021-03-02,161.93,162.93,161.22,162.41,11424600
2021-03-03,160.61,161.69,159.49,160.62,13059900
2021-03-04,160.60,161.46,158.43,159.04,13870100
2021-03-05,159.66,159.82,158.55,159.14,12821600
2021-03-08,158.58,158.74,157.13,157.49,12134900
2021-03-09,160.75,161.25,160.42,160.84,10382600
2021-03-10,161.06,161.78,160.66,161.66,7962000
2021-03-11,161.47,161.98,161.12,161.52,6749200
2021-03-12,159.54,161.69,159.35,161.49,8608500
2021-03-15,162.31,162.55,161.43,162.20,8104500
2021-03-16,162.36,163.20,161.81,162.35,7547400
2021-03-17,162.27,164.15,161.48,163.51,12626700
2021-03-18,161.15,162.82,161.11,162.56,8711100
2021-03-19,162.56,163.43,162.43,163.24,6868900
2021-03-22,162.27,163.13,162.16,163.00,5240000
2021-03-23,162.45,162.49,161.59,161.81,6048300
2021-03-24,162.21,162.89,161.94,162.37,6183700
2021-03-25,163.06,163.58,161.32,161.78,8398600
2021-03-26,161.71,162.73,161.65,162.24,6153900
2021-03-29,161.46,161.52,159.83,160.31,8409300
2021-03-30,157.94,158.20,157.55,157.57,8353200
2021-03-31,158.06,160.68,158.05,159.96,10623800
2021-04-01,161.56,162.11,161.28,161.98,7105200
2021-04-05,161.52,162.40,161.36,161.92,6163800
2021-04-06,162.79,163.53,162.75,163.22,6761200
2021-04-07,162.82,163.31,162.50,162.76,5436000
2021-04-08,164.17,164.77,164.14,164.51,6574500
2021-04-09,162.75,163.66,162.48,163.27,6657900
2021-04-12,162.73,162.80,161.81,162.28,4896700
2021-04-13,163.18,163.85,163.03,163.43,6995900
2021-04-14,162.77,163.05,162.30,162.72,6312300
2021-04-15,164.07,165.79,164.03,165.35,8250600
2021-04-16,166.24,166.81,165.94,166.35,10057600
2021-04-19,165.91,166.44,165.72,165.89,5721700
2021-04-20,165.65,166.81,165.62,166.48,6532000
2021-04-21,167.18,168.39,167.15,168.13,8380200
2021-04-22,167.11,167.53,166.49,167.04,7680100
2021-04-23,167.37,167.53,165.78,166.40,7106400
2021-04-26,166.63,166.87,166.05,166.84,4786600
2021-04-27,166.92,167.15,166.28,166.42,5363500
2021-04-28,165.75,166.96,165.49,166.91,6932200
2021-04-29,165.58,166.26,164.47,166.22,9067600
2021-04-30,165.86,166.00,165.24,165.66,6248700
2021-05-03,167.61,168.43,167.41,167.81,9014700
2021-05-04,167.69,168.55,165.50,166.58,10267400
2021-05-05,166.63,167.31,166.61,167.27,5950000
2021-05-06,167.95,170.29,167.92,170.06,13574100
2021-05-07,171.53,172.55,171.00,171.59,14748600
2021-05-10,172.74,172.84,171.78,172.11,8276600
2021-05-11,170.56,172.17,170.27,172.14,8348200
2021-05-12,171.43,171.84,170.35,170.43,12666300
2021-05-13,170.35,171.27,170.23,171.13,8078300
2021-05-14,172.05,172.70,171.82,172.69,9686800
2021-05-17,173.30,175.00,173.28,174.70,11956800
2021-05-18,175.18,175.21,174.46,175.04,7294000
2021-05-19,175.14,177.00,174.35,175.16,20741100
2021-05-20,175.32,176.46,175.11,175.96,9802800
2021-05-21,176.58,176.86,175.15,176.04,7677200
2021-05-24,176.15,176.59,175.87,176.35,5557300
2021-05-25,176.15,177.95,176.04,177.95,8986900
2021-05-26,178.37,178.61,177.04,177.64,8495400
2021-05-27,177.39,177.82,176.81,177.71,7993000
2021-05-28,177.46,178.43,177.24,178.38,9967000
2021-06-01,178.76,178.85,177.19,177.90,9143300
2021-06-02,178.34,178.78,177.97,178.77,6613100
2021-06-03,175.83,175.83,174.66,175.27,10153900
2021-06-04,176.65,177.57,176.61,177.16,8375300
2021-06-07,176.96,177.90,176.63,177.87,7709100
2021-06-08,177.23,177.54,176.37,177.32,5905800
2021-06-09,177.38,177.80,176.78,176.98,6346100
2021-06-10,176.70,177.85,176.48,177.74,9896600
2021-06-11,176.33,176.57,175.48,175.74,7836900
2021-06-14,173.16,175.06,172.95,174.71,7733600
2021-06-15,174.78,174.92,173.34,174.05,7550200
2021-06-16,173.91,174.47,171.03,171.11,16919700
2021-06-17,167.02,167.62,165.44,165.85,27232200
2021-06-18,166.14,166.72,164.87,164.93,15744300
2021-06-21,166.52,167.22,166.00,166.95,8371000
2021-06-22,166.35,166.92,166.01,166.25,7223900
2021-06-23,166.97,168.03,165.97,166.14,8474300
2021-06-24,167.00,167.23,166.01,166.04,6903400
2021-06-25,167.45,167.53,166.29,166.59,7473700
2021-06-28,166.68,166.91,166.36,166.58,6508900
2021-06-29,164.34,165.28,164.01,164.83,7451400
2021-06-30,164.57,166.10,164.29,165.63,7955800
2021-07-01,166.65,166.88,165.50,166.20,7430500
2021-07-02,167.35,167.72,166.40,167.29,7873600
2021-07-06,169.27,169.65,167.54,168.12,7932100
2021-07-07,168.72,169.23,168.19,168.76,7108900
2021-07-08,169.82,169.86,167.91,168.65,7244300
2021-07-09,168.84,169.62,168.66,169.21,4997400
2021-07-12,168.70,169.16,167.64,169.00,7315400
2021-07-13,169.51,169.90,168.93,169.22,7040300
2021-07-14,170.91,171.04,170.28,171.04,8830300
2021-07-15,170.89,171.30,170.34,171.07,6520100
2021-07-16,170.65,170.95,169.28,169.41,9460300
2021-07-19,169.51,169.91,168.89,169.61,6707400
2021-07-20,170.51,170.80,168.92,169.39,6540100
2021-07-21,168.33,169.00,168.14,168.76,4622600
2021-07-22,168.49,169.19,168.06,169.09,4793600
2021-07-23,168.50,168.88,167.95,168.56,5831500
2021-07-26,168.58,168.86,168.08,168.16,5229800
2021-07-27,168.73,168.91,167.93,168.44,6300200
2021-07-28,168.26,169.38,167.72,169.29,7905800
2021-07-29,170.70,171.52,170.67,171.17,8119600
2021-07-30,170.72,170.99,169.38,169.82,7391700
2021-08-02,169.30,170.25,169.10,169.61,10783200
2021-08-03,169.42,169.83,169.21,169.49,5402300
2021-08-04,171.28,171.40,168.99,169.53,9796300
2021-08-05,169.37,169.44,168.20,168.86,8015000
2021-08-06,165.84,165.93,164.55,164.64,13547600
2021-08-09,163.01,163.29,161.26,161.72,11547000
2021-08-10,161.39,162.11,160.68,161.77,6870800
2021-08-11,163.15,164.17,162.68,164.00,7382400
2021-08-12,163.65,164.10,162.93,164.04,5211700
2021-08-13,165.02,166.46,164.89,166.39,7466900
2021-08-16,166.73,167.39,166.59,167.22,7776500
2021-08-17,167.29,167.73,166.56,166.97,7107000
2021-08-18,167.24,167.51,166.26,167.10,7697900
2021-08-19,167.24,167.29,166.16,166.61,6934300
2021-08-20,166.80,167.14,166.36,166.70,7154000
2021-08-23,168.82,168.91,167.96,168.73,8190500
2021-08-24,169.04,169.27,168.52,168.65,4519200
2021-08-25,167.88,167.92,166.74,167.48,5588800
2021-08-26,167.21,168.21,166.83,167.67,4371900
2021-08-27,167.58,170.19,166.87,170.19,10036400
2021-08-30,169.66,169.84,169.09,169.35,3768600
2021-08-31,169.23,169.92,168.75,169.69,6336000
2021-09-01,169.94,170.00,169.16,169.70,4764900
2021-09-02,169.50,169.63,168.82,169.25,4599800
2021-09-03,170.59,171.55,170.15,171.06,8353300
2021-09-07,169.56,169.78,167.63,167.71,10004600
2021-09-08,168.02,168.08,166.70,167.29,6576000
2021-09-09,168.17,168.28,166.83,168.03,6641400
2021-09-10,167.81,168.08,167.15,167.18,7426300
2021-09-13,167.45,168.22,167.40,167.74,5474300
2021-09-14,168.22,169.16,167.48,168.82,7922900
2021-09-15,168.13,168.36,167.45,167.83,5624900
2021-09-16,164.38,164.44,163.23,164.03,11780400
2021-09-17,163.86,164.32,163.40,163.77,8369700
2021-09-20,164.29,165.28,164.07,164.94,7566600
2021-09-21,165.81,166.63,165.49,166.04,7181500
2021-09-22,165.89,167.15,165.03,165.42,9777800
2021-09-23,164.10,164.20,163.27,163.51,8451900
2021-09-24,163.00,164.00,162.74,163.30,6937500
2021-09-27,163.85,164.36,163.51,163.64,4943000
2021-09-28,162.73,162.82,161.73,162.05,9282800
2021-09-29,162.35,162.74,160.97,161.32,8360700
2021-09-30,162.66,164.95,162.34,164.22,10572900
2021-10-01,164.27,164.96,163.89,164.59,6654700
2021-10-04,163.69,165.54,163.47,165.36,7651700
2021-10-05,163.94,164.85,163.49,164.59,5617300
2021-10-06,164.23,165.06,164.15,165.03,6067200
2021-10-07,164.02,164.85,163.96,164.16,4791500
2021-10-08,166.32,166.42,164.14,164.23,8536100
2021-10-11,164.04,164.58,163.91,163.92,3820100
2021-10-12,164.57,165.44,164.31,164.66,5453000
2021-10-13,165.28,167.92,165.28,167.59,11113800
2021-10-14,168.19,168.22,167.71,168.00,5081400
2021-10-15,165.39,166.09,165.10,165.33,8699200
2021-10-18,165.42,165.59,164.81,164.92,4029600
2021-10-19,166.50,166.50,165.20,165.45,6588500
2021-10-20,166.21,167.11,165.93,166.90,5022000
2021-10-21,166.70,166.94,166.24,166.75,4412400
2021-10-22,168.67,169.54,166.67,167.77,10703900
2021-10-25,168.66,169.21,168.53,168.93,4881300
2021-10-26,167.88,167.91,166.63,167.68,6658900
2021-10-27,167.73,168.20,166.86,168.12,5823100
2021-10-28,168.98,169.25,167.53,168.08,7000700
2021-10-29,166.29,166.73,165.64,166.65,7531900
2021-11-01,167.38,167.84,166.91,167.52,4975600
2021-11-02,167.43,167.63,166.96,167.16,3760700
2021-11-03,165.34,165.95,164.38,165.77,9055200
2021-11-04,167.51,168.14,167.37,167.65,6656100
2021-11-05,168.42,169.94,167.85,169.84,9368900
2021-11-08,170.43,170.70,170.06,170.45,4966100
2021-11-09,170.73,171.31,170.12,171.29,5781200
2021-11-10,173.67,174.65,172.11,173.15,11461800
2021-11-11,173.98,174.27,173.74,174.12,5959600
2021-11-12,173.51,174.67,173.40,174.45,7894800
2021-11-15,174.10,174.59,173.69,174.18,5630800
2021-11-16,173.97,174.48,172.86,172.92,8667300
2021-11-17,174.24,174.61,173.89,174.50,6523100
2021-11-18,173.96,174.36,173.53,173.94,6252000
2021-11-19,173.69,174.10,172.24,172.61,8785600
2021-11-22,169.90,170.44,168.42,168.74,13091900
2021-11-23,167.28,167.60,166.53,167.28,8047800
2021-11-24,166.58,167.44,166.32,167.12,5359500
2021-11-26,168.60,168.64,166.37,166.85,9605200
2021-11-29,166.84,167.26,166.38,166.62,7394900
2021-11-30,167.77,169.01,165.37,165.50,12925300
2021-12-01,166.84,167.47,166.06,166.16,7808600
2021-12-02,165.89,165.94,164.63,165.24,9604100
2021-12-03,165.49,166.93,165.00,166.63,9507900
2021-12-06,166.14,166.80,165.93,166.22,4813600
2021-12-07,166.20,167.08,166.18,166.81,4900700
2021-12-08,166.51,166.96,166.28,166.90,4288900
2021-12-09,166.54,166.58,165.65,165.88,4913800
2021-12-10,166.72,166.92,166.18,166.58,6450600
2021-12-13,166.90,167.26,166.67,167.00,6610700
2021-12-14,165.34,166.14,165.16,165.44,8637900
2021-12-15,165.27,166.40,163.80,166.15,14231200
2021-12-16,167.01,168.18,166.94,168.16,11186200
2021-12-17,168.73,169.13,167.78,167.80,9856900
2021-12-20,167.88,168.00,167.06,167.09,6973000
2021-12-21,167.69,167.78,166.74,167.02,4548500
2021-12-22,167.58,168.64,167.11,168.59,4672900
2021-12-23,168.69,169.16,168.01,168.97,4551100
2021-12-27,168.96,169.42,168.78,169.37,4760300
2021-12-28,169.33,169.65,168.62,168.64,4541900
2021-12-29,167.36,168.69,167.28,168.59,5889700
2021-12-30,168.43,169.81,168.37,169.80,5426300
2021-12-31,170.53,171.04,170.04,170.96,7039300
